id,cnt
0,5334.381498112598
1,6089.8407116196995
2,5631.448244346772
3,6012.017232638231
4,5603.956584616316
5,6158.670743273829
6,5165.892322740878
7,5542.288234428315
8,6231.0513011016665
9,6576.877207971171
10,6478.220246115285
11,6684.248000597025
12,4590.513738450333
13,5692.696145467168
14,5967.886717511509
15,6157.709528627082
16,5971.174385077425
17,5972.775808837644
18,5676.29042217302
19,6376.927806499177
